{"data":[{"ObjectIdentifier": "S-1-5-21-497550768-2797716248-2627064577-1000", "AllowedToAct": [], "PrimaryGroupSID": "S-1-5-21-497550768-2797716248-2627064577-516", "LocalAdmins": {"Collected": true, "FailureReason": null, "Results": [{"ObjectIdentifier": "S-1-5-21-497550768-2797716248-2627064577-500", "ObjectType": "User"}, {"ObjectIdentifier": "S-1-5-21-497550768-2797716248-2627064577-519", "ObjectType": "Group"}, {"ObjectIdentifier": "S-1-5-21-497550768-2797716248-2627064577-512", "ObjectType": "Group"}]}, "PSRemoteUsers": {"Collected": true, "FailureReason": null, "Results": [{"ObjectIdentifier": "S-1-5-21-497550768-2797716248-2627064577-1603", "ObjectType": "User"}]}, "Properties": {"name": "DC01.FLUFFY.HTB", "domainsid": "S-1-5-21-497550768-2797716248-2627064577", "domain": "FLUFFY.HTB", "distinguishedname": "CN=DC01,OU=DOMAIN CONTROLLERS,DC=FLUFFY,DC=HTB", "unconstraineddelegation": true, "enabled": true, "trustedtoauth": false, "samaccountname": "DC01$", "haslaps": false, "lastlogon": 1752612887, "lastlogontimestamp": 1752611124, "pwdlastset": 1747529382, "whencreated": 1744905602, "serviceprincipalnames": ["Dfsr-12F9A27C-BF97-4787-9364-D31B6C55EB04/DC01.fluffy.htb", "ldap/DC01.fluffy.htb/ForestDnsZones.fluffy.htb", "ldap/DC01.fluffy.htb/DomainDnsZones.fluffy.htb", "DNS/DC01.fluffy.htb", "GC/DC01.fluffy.htb/fluffy.htb", "RestrictedKrbHost/DC01.fluffy.htb", "RestrictedKrbHost/DC01", "RPC/0d4aff1c-992e-4755-96b3-f6395eff3d00._msdcs.fluffy.htb", "HOST/DC01/FLUFFY", "HOST/DC01.fluffy.htb/FLUFFY", "HOST/DC01", "HOST/DC01.fluffy.htb", "HOST/DC01.fluffy.htb/fluffy.htb", "E3514235-4B06-11D1-AB04-00C04FC2DCD2/0d4aff1c-992e-4755-96b3-f6395eff3d00/fluffy.htb", "ldap/DC01/FLUFFY", "ldap/0d4aff1c-992e-4755-96b3-f6395eff3d00._msdcs.fluffy.htb", "ldap/DC01.fluffy.htb/FLUFFY", "ldap/DC01", "ldap/DC01.fluffy.htb", "ldap/DC01.fluffy.htb/fluffy.htb"], "description": null, "operatingsystem": "Windows Server 2019 Standard", "sidhistory": []}, "RemoteDesktopUsers": {"Collected": true, "FailureReason": null, "Results": []}, "DcomUsers": {"Collected": true, "FailureReason": null, "Results": []}, "AllowedToDelegate": [], "Sessions": {"Collected": true, "FailureReason": null, "Results": []}, "PrivilegedSessions": {"Collected": false, "FailureReason": null, "Results": []}, "RegistrySessions": {"Collected": false, "FailureReason": null, "Results": []}, "Aces": [{"RightName": "Owns", "IsInherited": false, "PrincipalSID": "S-1-5-21-497550768-2797716248-2627064577-512", "PrincipalType": "Group"}, {"RightName": "GenericAll", "IsInherited": false, "PrincipalSID": "S-1-5-21-497550768-2797716248-2627064577-512", "PrincipalType": "Group"}, {"RightName": "AddKeyCredentialLink", "IsInherited": true, "PrincipalSID": "S-1-5-21-497550768-2797716248-2627064577-526", "PrincipalType": "Group"}, {"RightName": "AddKeyCredentialLink", "IsInherited": true, "PrincipalSID": "S-1-5-21-497550768-2797716248-2627064577-527", "PrincipalType": "Group"}, {"RightName": "GenericAll", "IsInherited": true, "PrincipalSID": "S-1-5-21-497550768-2797716248-2627064577-519", "PrincipalType": "Group"}, {"RightName": "GenericWrite", "IsInherited": true, "PrincipalSID": "FLUFFY.HTB-S-1-5-32-544", "PrincipalType": "Group"}, {"RightName": "WriteOwner", "IsInherited": true, "PrincipalSID": "FLUFFY.HTB-S-1-5-32-544", "PrincipalType": "Group"}, {"RightName": "WriteDacl", "IsInherited": true, "PrincipalSID": "FLUFFY.HTB-S-1-5-32-544", "PrincipalType": "Group"}], "HasSIDHistory": [], "IsDeleted": false, "Status": null, "IsACLProtected": false}],"meta":{"methods":0,"type":"computers","count":1, "version":5}}