{"data":[{"ObjectIdentifier": "DBD22BCE-5819-401E-A174-F14D877A7B08", "Properties": {"domain": "FLUFFY.HTB", "name": "DEFAULT DOMAIN CONTROLLERS POLICY@FLUFFY.HTB", "distinguishedname": "CN={6AC1786C-016F-11D2-945F-00C04FB984F9},CN=POLICIES,CN=SYSTEM,DC=FLUFFY,DC=HTB", "domainsid": "S-1-5-21-497550768-2797716248-2627064577", "highvalue": false, "gpcpath": "\\\\FLUFFY.HTB\\SYSVOL\\FLUFFY.HTB\\POLICIES\\{6AC1786C-016F-11D2-945F-00C04FB984F9}", "description": null, "whencreated": 1744905565}, "IsDeleted": false, "IsACLProtected": true, "Aces": [{"RightName": "Owns", "IsInherited": false, "PrincipalSID": "S-1-5-21-497550768-2797716248-2627064577-512", "PrincipalType": "Group"}, {"RightName": "GenericWrite", "IsInherited": false, "PrincipalSID": "S-1-5-21-497550768-2797716248-2627064577-512", "PrincipalType": "Group"}, {"RightName": "WriteOwner", "IsInherited": false, "PrincipalSID": "S-1-5-21-497550768-2797716248-2627064577-512", "PrincipalType": "Group"}, {"RightName": "WriteDacl", "IsInherited": false, "PrincipalSID": "S-1-5-21-497550768-2797716248-2627064577-512", "PrincipalType": "Group"}, {"RightName": "GenericWrite", "IsInherited": false, "PrincipalSID": "S-1-5-21-497550768-2797716248-2627064577-519", "PrincipalType": "Group"}, {"RightName": "WriteOwner", "IsInherited": false, "PrincipalSID": "S-1-5-21-497550768-2797716248-2627064577-519", "PrincipalType": "Group"}, {"RightName": "WriteDacl", "IsInherited": false, "PrincipalSID": "S-1-5-21-497550768-2797716248-2627064577-519", "PrincipalType": "Group"}, {"RightName": "GenericWrite", "IsInherited": false, "PrincipalSID": "S-1-5-21-497550768-2797716248-2627064577-512", "PrincipalType": "Group"}, {"RightName": "WriteOwner", "IsInherited": false, "PrincipalSID": "S-1-5-21-497550768-2797716248-2627064577-512", "PrincipalType": "Group"}, {"RightName": "WriteDacl", "IsInherited": false, "PrincipalSID": "S-1-5-21-497550768-2797716248-2627064577-512", "PrincipalType": "Group"}]},{"ObjectIdentifier": "6E037936-F56F-40F4-8061-5F4C8EF897A7", "Properties": {"domain": "FLUFFY.HTB", "name": "DEFAULT DOMAIN POLICY@FLUFFY.HTB", "distinguishedname": "CN={31B2F340-016D-11D2-945F-00C04FB984F9},CN=POLICIES,CN=SYSTEM,DC=FLUFFY,DC=HTB", "domainsid": "S-1-5-21-497550768-2797716248-2627064577", "highvalue": false, "gpcpath": "\\\\FLUFFY.HTB\\SYSVOL\\FLUFFY.HTB\\POLICIES\\{31B2F340-016D-11D2-945F-00C04FB984F9}", "description": null, "whencreated": 1744905565}, "IsDeleted": false, "IsACLProtected": true, "Aces": [{"RightName": "Owns", "IsInherited": false, "PrincipalSID": "S-1-5-21-497550768-2797716248-2627064577-512", "PrincipalType": "Group"}, {"RightName": "GenericWrite", "IsInherited": false, "PrincipalSID": "S-1-5-21-497550768-2797716248-2627064577-512", "PrincipalType": "Group"}, {"RightName": "WriteOwner", "IsInherited": false, "PrincipalSID": "S-1-5-21-497550768-2797716248-2627064577-512", "PrincipalType": "Group"}, {"RightName": "WriteDacl", "IsInherited": false, "PrincipalSID": "S-1-5-21-497550768-2797716248-2627064577-512", "PrincipalType": "Group"}, {"RightName": "GenericWrite", "IsInherited": false, "PrincipalSID": "S-1-5-21-497550768-2797716248-2627064577-519", "PrincipalType": "Group"}, {"RightName": "WriteOwner", "IsInherited": false, "PrincipalSID": "S-1-5-21-497550768-2797716248-2627064577-519", "PrincipalType": "Group"}, {"RightName": "WriteDacl", "IsInherited": false, "PrincipalSID": "S-1-5-21-497550768-2797716248-2627064577-519", "PrincipalType": "Group"}, {"RightName": "GenericWrite", "IsInherited": false, "PrincipalSID": "S-1-5-21-497550768-2797716248-2627064577-512", "PrincipalType": "Group"}, {"RightName": "WriteOwner", "IsInherited": false, "PrincipalSID": "S-1-5-21-497550768-2797716248-2627064577-512", "PrincipalType": "Group"}, {"RightName": "WriteDacl", "IsInherited": false, "PrincipalSID": "S-1-5-21-497550768-2797716248-2627064577-512", "PrincipalType": "Group"}]}],"meta":{"methods":0,"type":"gpos","count":2, "version":5}}