{"data":[{"ObjectIdentifier": "1EDBCCB9-DBF1-4FCE-AE2A-BFCB5A156453", "Properties": {"domain": "FLUFFY.HTB", "name": "DOMAIN CONTROLLERS@FLUFFY.HTB", "distinguishedname": "OU=DOMAIN CONTROLLERS,DC=FLUFFY,DC=HTB", "domainsid": "S-1-5-21-497550768-2797716248-2627064577", "highvalue": false, "blocksinheritance": false, "description": "Default container for domain controllers", "whencreated": 1744905565}, "IsDeleted": false, "IsACLProtected": false, "Aces": [{"RightName": "Owns", "IsInherited": false, "PrincipalSID": "S-1-5-21-497550768-2797716248-2627064577-512", "PrincipalType": "Group"}, {"RightName": "WriteOwner", "IsInherited": false, "PrincipalSID": "S-1-5-21-497550768-2797716248-2627064577-512", "PrincipalType": "Group"}, {"RightName": "WriteDacl", "IsInherited": false, "PrincipalSID": "S-1-5-21-497550768-2797716248-2627064577-512", "PrincipalType": "Group"}, {"RightName": "GenericAll", "IsInherited": true, "PrincipalSID": "S-1-5-21-497550768-2797716248-2627064577-519", "PrincipalType": "Group"}, {"RightName": "WriteOwner", "IsInherited": true, "PrincipalSID": "FLUFFY.HTB-S-1-5-32-544", "PrincipalType": "Group"}, {"RightName": "WriteDacl", "IsInherited": true, "PrincipalSID": "FLUFFY.HTB-S-1-5-32-544", "PrincipalType": "Group"}], "Links": [{"IsEnforced": false, "GUID": "DBD22BCE-5819-401E-A174-F14D877A7B08"}], "ChildObjects": [{"ObjectIdentifier": "S-1-5-21-497550768-2797716248-2627064577-1000", "ObjectType": "Computer"}], "GPOChanges": {"AffectedComputers": [], "DcomUsers": [], "LocalAdmins": [], "PSRemoteUsers": [], "RemoteDesktopUsers": []}}],"meta":{"methods":0,"type":"ous","count":1, "version":5}}